"Datums","Sasniedzamais rezultāts","Uzdots","Temats","Kopsavilkums"
"1.09.2025","Monomi.
SR: Atpazīst monomus starp dažādām matemātiskām izteiksmēm. Nosaka monomam pretēju, līdzīgu monomu. Nosaka, vai monoms ir uzrakstīts normālformā. Nosaka dotā monoma koeficientu un pakāpi. Aprēķina izteiksmes vērtību.",,"Monomi un polinomi. ","1.temats"
"2.09.2025","Monomi.
SR: Atpazīst monomus starp dažādām matemātiskām izteiksmēm. Nosaka monomam pretēju, līdzīgu monomu. Nosaka, vai monoms ir uzrakstīts normālformā. Nosaka dotā monoma koeficientu un pakāpi. Aprēķina izteiksmes vērtību.",,"Monomi un polinomi. ","1.temats"
"4.09.2025","Monomi.
SR: Atpazīst monomus starp dažādām matemātiskām izteiksmēm. Nosaka monomam pretēju, līdzīgu monomu. Nosaka, vai monoms ir uzrakstīts normālformā. Nosaka dotā monoma koeficientu un pakāpi. Aprēķina izteiksmes vērtību.",,"Monomi un polinomi. ","1.temats"
"4.09.2025","Monomi.
SR: Atpazīst monomus starp dažādām matemātiskām izteiksmēm. Nosaka monomam pretēju, līdzīgu monomu. Nosaka, vai monoms ir uzrakstīts normālformā. Nosaka dotā monoma koeficientu un pakāpi. Aprēķina izteiksmes vērtību.",,"Monomi un polinomi. ","1.temats"
"5.09.2025","Monomi.
SR: Atpazīst monomus starp dažādām matemātiskām izteiksmēm. Nosaka monomam pretēju, līdzīgu monomu. Nosaka, vai monoms ir uzrakstīts normālformā. Nosaka dotā monoma koeficientu un pakāpi. Aprēķina izteiksmes vērtību.","Nepieciešama mapīte izdales materiāliem un likumu klade (ja tāda nav saglabājusies no pagājušā gada).
 Monomi_1.pptx
8.09.2025","Monomi un polinomi. ","1.temats"
"5.09.2025","Monomi.
SR: Atpazīst monomus starp dažādām matemātiskām izteiksmēm. Nosaka monomam pretēju, līdzīgu monomu. Nosaka, vai monoms ir uzrakstīts normālformā. Nosaka dotā monoma koeficientu un pakāpi. Aprēķina izteiksmes vērtību.",,"Monomi un polinomi. ","1.temats"
"8.09.2025","Darbības ar monomiem.
SR: Pārveido izteiksmes, veicot darbības ar monomiem.","Stundā: 8. - 12. uzd. no izdales lapām
 UZD_Monomi_Darbības ar monomiem.pdf
9.09.2025","Monomi un polinomi. ","1.temats"
"9.09.2025","Darbības ar monomiem.
SR: Pārveido izteiksmes, veicot darbības ar monomiem.","Atbilžu iesūtīšana25
Mājās: Pabeigt 2. un 3. uzd. no darba lapas
 DL25_Darbības ar monomiem 2.docx
11.09.2025","Monomi un polinomi. ","1.temats"
"11.09.2025","Darbības ar monomiem.
SR: Pārveido izteiksmes, veicot darbības ar monomiem.","Mājās: Pabeigt darba lapu ""Darbības ar monomiem""
 DL25_Darbības ar monomiem 2.docx
12.09.2025","Monomi un polinomi. ","1.temats"
"11.09.2025","Polinomi.
SR: Zina, kas ir polinoms, binoms, trinoms, polinoma locekļi, polinoma pakāpe. Aprēķina polinoma skaitlisko vērtību."," Teorija_Polinomi.pptx
12.09.2025","Monomi un polinomi. ","1.temats"
"12.09.2025","Polinomu saskaitīšana un atņemšana.
SR: Saskaita un atņem polinomus, izvēloties ērtāko pierakstu.","Stundā: Darba lapa no 1. līdz 8. uzd.
 DL25_Polinomu saskaitīšana un atņemšana.docx
15.09.2025","Monomi un polinomi. ","1.temats"
"12.09.2025","Polinomu saskaitīšana un atņemšana.
SR: Saskaita un atņem polinomus, izvēloties ērtāko pierakstu."," DL_darbibas ar monomiem_ATBILDES.pdf
 DL_Polinomu saskaitīšana un atņemšana_ATBILDES.pdf
15.09.2025","Monomi un polinomi. ","1.temats"
"15.09.2025","(KVD Polinomu saskaitīšana un atņemšana)
Polinoma reizināšana ar monomu.
SR: Reizina polinomu ar monomu.","Stundā: Darba lapa ""Polinomu reizināšana ar monomu""
 DL25_Polinoma reizināšana un dalīšana ar monomu.docx
 P23_Polinomu reizināšana un dalīšana.pptx
16.09.2025","Monomi un polinomi. ","1.temats"
"16.09.2025","Polinoma dalīšana ar monomu.
SR: Dala polinomu ar monomu.","Stundā: Darba lapa ""Polinomu dalīšana ar monomu""
 DL25_Polinoma reizināšana un dalīšana ar monomu.docx
 P23_Polinomu reizināšana un dalīšana.pptx
18.09.2025","Monomi un polinomi. ","1.temats"
"18.09.2025","Polinoma reizināšana ar polinomu.
SR: Reizina polinomu ar polinomu."," DL23_polinomu reizināšana ar polinomu vienadojumi.docx
19.09.2025","Monomi un polinomi. ","1.temats"
"18.09.2025","Polinoma reizināšana ar polinomu.
SR: Reizina polinomu ar polinomu.",,"Monomi un polinomi. ","1.temats"
"19.09.2025","(KVD Polinomu reizināšana un dalīšana)
Vienādojumu un nevienādību atrisināšana.
SR: Vienkāršo izteiksmes, izmantojot polinomu reizināšanu. Izmanto darbības ar monomiem un polinomiem, atrisinot lineārus vienādojumus un nevienādības.","Stundā: Darba lapa
 DL25_vienodājumi un nevienādības.docx
22.09.2025","Monomi un polinomi. ","1.temats"
"19.09.2025","Vienādojumu un nevienādību atrisināšana.
SR: Vienkāršo izteiksmes, izmantojot polinomu reizināšanu. Izmanto darbības ar monomiem un polinomiem, atrisinot lineārus vienādojumus un nevienādības.",,"Monomi un polinomi. ","1.temats"
"22.09.2025","Gatavošanās temata noslēguma pārbaudes darbam","Stundā: Apkopojums par tematu
 22_Apkopojums par tematu polinomi.pdf
 Atbildes.pdf
23.09.2025","Monomi un polinomi. ","1.temats"
"23.09.2025","TNPD Monomi un polinomi
SR: Saskaita, atņem monomus, reizina un dala monomu ar monomu, kāpina monomu, saskaita, atņem polinomus, reizina monomu ar polinomu, dala polinomu ar monomu, reizina polinomus.*Ar algebrisku izteiksmi apraksta plaknes figūru, telpisku ķermeņu lielumus.*Nosaka monoma un polinoma pakāpi.",,"Monomi un polinomi. ","1.temats"
"25.09.2025","Skaitļu kopas.
SR: Aktualizē zināmās skaitļu kopas. Nosaka un paskaidro skaitļa piederību kopām N, Z, Q.  Skaidro, kas ir iracionāli skaitļi, uzraksta un nosauc iracionālu skaitļu piemērus.","Teorija: M.g. 32. lpp.
Stundā: M.g. 4.,5., 10. - 13. uzd. 34. - 35. lpp.
26.09.2025","Kvadrātsakne.","2.temats"
"25.09.2025","Bezgalīgas periodiskas decimāldaļas.
SR: Skaidro racionālo skaitļu kopas izveidošanos, kas ir bezgalīga periodiska decimāldaļa. Uzraksta skaitli, kā periodisku decimāldaļu.",,"Kvadrātsakne.","2.temats"
"26.09.2025","Aritmētiskā kvadrātsakne.
SR: Aprēķina kvadrātsaknes vērtību gan izteiksmju vērtību novērtējot, gan izmantojot kvadrātu tabulu, gan — kalkulatoru.",,"Kvadrātsakne.","2.temats"
"26.09.2025","Aritmētiskā kvadrātsakne.
SR: Aprēķina kvadrātsaknes vērtību gan izteiksmju vērtību novērtējot, gan izmantojot kvadrātu tabulu, gan — kalkulatoru.",,"Kvadrātsakne.","2.temats"
"29.09.2025","Aritmētiskā kvadrātsakne.
SR: Salīdzina kvadrātsakņu vērtības. Nosaka starp kuriem diviem veseliem skaitļiem atrodas dotā kvadrātsakne.","Atbilžu iesūtīšana2524
Mājās: 46. uzd. 46. lpp.
Teorija: M.g. 40.lpp.
Stundā: 35., 43. - 45. uzd. 45. - 46. lpp.
30.09.2025","Kvadrātsakne.","2.temats"
"30.09.2025","(KVD Racionāli un iracionāli skaitļi. Aritmētiskā kvadrātsakne. Skaitļu kopas.)
Kvadrātsaknes īpašības.
SR: Aprēķina kvadrātsakni no reizinājuma un kvadrātsakņu reizinājumu. Iznes reizinātāju pirms saknes zīmes. Izpilda saskaitīšanu un atņemšanu ar kvadrātsaknēm. Aprēķina kvadrātsakni no pakāpes. Salīdzina izteiksmju vērtības, kas satur kvadrātsaknes, izvēlas paņēmienu salīdzināšanas veikšanai. Aprēķina kvadrātsaknes no daļas un kvadrātsakņu dalījumu.",,"Kvadrātsakne.","2.temats"
"2.10.2025","Kvadrātsaknes īpašības. Kvadrātsakne no reizinājuma.
SR: Aprēķina kvadrātsakni no reizinājuma un kvadrātsakņu reizinājumu.","Teorija: M.g. 48.lpp.
Stundā: M.g. 47. - 53. uzd. 50.lpp.
3.10.2025","Kvadrātsakne.","2.temats"
"2.10.2025","Kvadrātsaknes īpašības. Kvadrātsakne no reizinājuma.
SR: Aprēķina kvadrātsakni no reizinājuma un kvadrātsakņu reizinājumu.",,"Kvadrātsakne.","2.temats"
"3.10.2025","Reizinātāja iznešana pirms saknes zīmes
SR: Iznes reizinātāju pirms saknes zīmes.","Teorija: M.g. 48.lpp.
Stundā: M.g. 55.,56. uzd. 51. lpp.
6.10.2025","Kvadrātsakne.","2.temats"
"3.10.2025","Līdzīgas kvadrātsaknes
SR: Izpilda saskaitīšanu un atņemšanu ar kvadrātsaknēm.","Teorija: M.g. 48.lpp.
Stundā: M.g. 58. - 61. uzd. 51. - 52. lpp.
6.10.2025","Kvadrātsakne.","2.temats"
"6.10.2025","Līdzīgas kvadrātsaknes
SR: Izpilda saskaitīšanu un atņemšanu ar kvadrātsaknēm.","Teorija: M.g. 48.lpp.
Mājās pabeigt: 59. un 60. uzd. 52. lpp.
7.10.2025","Kvadrātsakne.","2.temats"
"7.10.2025","Kvadrātsakne no pakāpes
SR: Aprēķina kvadrātsakni no pakāpes.",,"Kvadrātsakne.","2.temats"
"9.10.2025","Kvadrātsakne no daļas
SR: Aprēķina kvadrātsaknes no daļas un kvadrātsakņu dalījumu.","Teorija: M.g. 48.lpp.
Mājās pabeigt: 78., 80. uzd. 55. lpp.
10.10.2025","Kvadrātsakne.","2.temats"
"9.10.2025","Kvadrātsakne no daļas
SR: Aprēķina kvadrātsaknes no daļas un kvadrātsakņu dalījumu.",,"Kvadrātsakne.","2.temats"
"10.10.2025","Kvadrātsakne no daļas
SR: Aprēķina kvadrātsaknes no daļas un kvadrātsakņu dalījumu.",,"Kvadrātsakne.","2.temats"
"10.10.2025","Kvadrātsakne no daļas
SR: Aprēķina kvadrātsaknes no daļas un kvadrātsakņu dalījumu.",,"Kvadrātsakne.","2.temats"
"13.10.2025","Kopsavilkums un paškontrole
SR: Nosaka un paskaidro skaitļa piederību kopām N, Z, Q, R. Aprēķina kvadrātsaknes
vērtību, izmantojot definīciju. Izmanto kvadrātsaknes īpašības. Iznes reizinātāju
pirms kvadrātsaknes zīmes. Izpilda darbības ar līdzīgām kvadrātsaknēm.","Gatavoties pārbaudes darbam par skaitļu kopām un kvadrātsaknēm
 ES PROTU atbildes.pdf
14.10.2025","Kvadrātsakne.","2.temats"
"14.10.2025","TNPD ""Skaitļu kopas. Kvadrātsakne.""
SR:Lieto aritmētiskās kvadrātsaknes īpašības un darbību īpašības, lai aprēķinātu izteiksmes vērtību, veiktu izteiksmju pārveidojumus.*Nosaka, pamato skaitļu piederību noteiktai reālo skaitļu apakškopai",,"Kvadrātsakne.","2.temats"
"16.10.2025","Polinomu sadalīšana reizinātājos. Kopīga reizinātaja iznešana pirms iekavām.
SR: Nosaka, vai dotā izteiksme ir sadalīta reizinātājos; Sadala polinomu reizinātājos,
izmantojot kopīgā reizinātāja iznešanu pirms iekavām.","Teorija: 124. lpp.
Stundā: 1. - 7. uzd. 126. lpp.
17.10.2025","Polinomu sadalīšana reizinātājos.","3.temats"
"16.10.2025","Polinomu sadalīšana reizinātājos. Kopīga reizinātaja iznešana pirms iekavām.
SR: Nosaka, vai dotā izteiksme ir sadalīta reizinātājos; Sadala polinomu reizinātājos,
izmantojot kopīgā reizinātāja iznešanu pirms iekavām.",,"Polinomu sadalīšana reizinātājos.","3.temats"
"17.10.2025","Polinomu sadalīšana reizinātājos. Grupēšanas paņēmiens.
SR: Sadala izteiksmi reizinātājos, grupējot; Izmanto kopīgā reizinātāja iznešanu pirms iekavām","Teorija: 124. lpp.
Stundā: 8. - 9. uzd. 127. lpp.
27.10.2025","Polinomu sadalīšana reizinātājos.","3.temats"
"17.10.2025","Polinomu sadalīšana reizinātājos. Grupēšanas paņēmiens.
SR: Sadala izteiksmi reizinātājos, grupējot; Izmanto kopīgā reizinātāja iznešanu pirms iekavām",,"Polinomu sadalīšana reizinātājos.","3.temats"
"27.10.2025","Saīsinātās reizināšanas formulas
SR: Izmanto formulas skaitlisku izteiksmju vērtību aprēķināšanai. Vienkāršo izteiksmes, izmantojot saīsinātās reizināšanas formulas.",,"Polinomu sadalīšana reizinātājos.","3.temats"
"28.10.2025","Saīsinātās reizināšanas formulas
SR: Izmanto formulas skaitlisku izteiksmju vērtību aprēķināšanai. Vienkāršo izteiksmes, izmantojot saīsinātās reizināšanas formulas.","Mājās pabeigt: 1.,2. uzd. 129. lpp.
30.10.2025","Polinomu sadalīšana reizinātājos.","3.temats"
"30.10.2025","Saīsinātās reizināšanas formulas
SR: Izmanto formulas skaitlisku izteiksmju vērtību aprēķināšanai. Vienkāršo izteiksmes, izmantojot saīsinātās reizināšanas formulas.","Teorija: https://www.uzdevumi.lv/p/matematika/8-klase/polinomu-sadalisana-reizi...
Stundā: M.g. 17. - 21. uzd. 130. - 131. lpp.
31.10.2025","Polinomu sadalīšana reizinātājos.","3.temats"
"30.10.2025","Saīsinātās reizināšanas formulas
SR: Izmanto formulas skaitlisku izteiksmju vērtību aprēķināšanai. Vienkāršo izteiksmes, izmantojot saīsinātās reizināšanas formulas.",,"Polinomu sadalīšana reizinātājos.","3.temats"
"31.10.2025","Saīsināto reizināšanas formulu lietošana sadalīšanai reizinātājos
SR: Lieto saīsinātās reizināšanas formulas polinomu sadalīšanai reizinātājos","Teorija: M.g. 134. lpp.
Stundā: M.g. 35. - 39. uzd. 135. lpp.
3.11.2025","Polinomu sadalīšana reizinātājos.","3.temats"
"31.10.2025","Saīsināto reizināšanas formulu lietošana sadalīšanai reizinātājos
SR: Lieto saīsinātās reizināšanas formulas polinomu sadalīšanai reizinātājos",,"Polinomu sadalīšana reizinātājos.","3.temats"
"3.11.2025","Polinomu sadalīšana reizinātājos ar dažādām metodēm.
SR: Lieto kopīgā iznešanu pirms iekavām, grupēšanas paņēmienu un saīsinātās reizināšanas formulas, sadalot polinomus reizinātājos.","Stundā: M.g. 41., 42. uzd. 136. lpp.
4.11.2025","Polinomu sadalīšana reizinātājos.","3.temats"
"4.11.2025","Polinomu sadalīšana reizinātājos ar dažādām metodēm.
SR: Lieto kopīgā iznešanu pirms iekavām, grupēšanas paņēmienu un saīsinātās reizināšanas formulas, sadalot polinomus reizinātājos.",,"Polinomu sadalīšana reizinātājos.","3.temats"
"6.11.2025","Polinomu sadalīšana reizinātājos ar dažādām metodēm.
SR: Lieto kopīgā iznešanu pirms iekavām, grupēšanas paņēmienu un saīsinātās reizināšanas formulas, sadalot polinomus reizinātājos."," Atbildes_DL25_polinomu sadalīšana reizinātājos.pdf
 DL25_gatavošanās pārbaudes darbam.docx
7.11.2025","Polinomu sadalīšana reizinātājos.","3.temats"
"6.11.2025","Polinomu sadalīšana reizinātājos ar dažādām metodēm.
SR: Lieto kopīgā iznešanu pirms iekavām, grupēšanas paņēmienu un saīsinātās reizināšanas formulas, sadalot polinomus reizinātājos.",,"Polinomu sadalīšana reizinātājos.","3.temats"
"7.11.2025","Laukuma īpasības un vienlielas figūras.
SR: Atkārto laukuma mērvienības. Lieto laukuma īpašības.","Teorija: M.g. 60. - 61. lpp.
8.11.2025","Polinomu sadalīšana reizinātājos.","3.temats"
"7.11.2025","Laukuma īpasības un vienlielas figūras.
SR: Atkārto laukuma mērvienības. Lieto laukuma īpašības.",,"Polinomu sadalīšana reizinātājos.","3.temats"
"8.11.2025","Laukuma īpasības un vienlielas figūras.
SR: Atkārto laukuma mērvienības. Lieto laukuma īpašības.",,"Polinomu sadalīšana reizinātājos.","3.temats"
"10.11.2025","TNPD ""Polinomu sadalīšana reizinātājos""
SR: Sadals polinomus reizinātājos, iznesot kopīgo reizinātāju pirms iekavām, izmantojot grupēšanas paņēmienu un saīsinātās reizināšanas formulas. Vienkāršo izteiksmes, risina vienādojumus, lietojot SRF.",,"Polinomu sadalīšana reizinātājos.","3.temats"
"11.11.2025","Laukuma īpasības un vienlielas figūras.
SR: Atkārto laukuma mērvienības. Lieto laukuma īpašības.",,"Trijstūra un riņķa laukums.","4.temats"
"13.11.2025","Laukuma īpašības un vienlielas figūras.
SR: Aprēķina taisnstūra un taisnleņķa trijstūra laukumu.","Stundā: M.g. 65. - 66. lpp.
14.11.2025","Trijstūra un riņķa laukums.","4.temats"
"13.11.2025","Laukuma īpašības un vienlielas figūras.
SR: Aprēķina taisnstūra un taisnleņķa trijstūra laukumu.",,"Trijstūra un riņķa laukums.","4.temats"
"14.11.2025","Laukuma īpašības un vienlielas figūras. Pīka formula.
SR: Aprēķina taisnstūra un taisnleņķa trijstūra laukumu.",,"Trijstūra un riņķa laukums.","4.temats"
"14.11.2025","Trijstūra laukums. Vienlieli trijstūri.
SR: Lieto trijstūra laukuma aprēķināšanas formulu.",,"Trijstūra un riņķa laukums.","4.temats"
"20.11.2025","Trijstūra laukums. Vienlieli trijstūri.
SR: Lieto trijstūra laukuma aprēķināšanas formulu.","Teorija: M.g. 70. lpp.
Stundā: M.g. 72. - 73. lpp.
21.11.2025","Trijstūra un riņķa laukums.","4.temats"
"20.11.2025","Trijstūra laukums. Vienlieli trijstūri.
SR: Lieto trijstūra laukuma aprēķināšanas formulu.",,"Trijstūra un riņķa laukums.","4.temats"
"21.11.2025","Trijstūra laukums. Vienlieli trijstūri.
SR: Lieto trijstūra laukuma aprēķināšanas formulu un zināšanas par vienlieliem trijstūriem pierādījuma uzdevumos.","Teorija: M.g. 70. lpp.
Stundā: M.g. 73. - 74. lpp. 45., 47. - 49. uzd.
24.11.2025","Trijstūra un riņķa laukums.","4.temats"
"21.11.2025","Riņķa un sektora laukums.
SR: Aprēķina riņķa un sektora laukumu, t. sk. praktiska satura uzdevumos.","Uz atsevišķas lapas veikt kļūdu labojumu TNPD “Kā izmanto izteiksmju sadalīšanu reizinātājos?” (iesniegt kopā ar darbu līdz 25.11.)
24.11.2025","Trijstūra un riņķa laukums.","4.temats"
"24.11.2025","Riņķa un sektora laukums.
SR: Aprēķina riņķa un sektora laukumu, t. sk. praktiska satura uzdevumos.","Uz atsevišķas lapas veikt kļūdu labojumu TNPD “Kā izmanto izteiksmju sadalīšanu reizinātājos?” (iesniegt kopā ar darbu līdz 25.11.)
25.11.2025","Trijstūra un riņķa laukums.","4.temats"
"25.11.2025","Riņķa un sektora laukums.
SR: Aprēķina riņķa un sektora laukumu, t. sk. praktiska satura uzdevumos.",,"Trijstūra un riņķa laukums.","4.temats"
"27.11.2025","Kombinētas figūras.
SR: Izveido figūru laukumu aprēķināšanas izteiksmes. Lieto taisnstūra, trijstūra riņķa un riņķa sektora laukuma aprēķināšanas formulas.","M.g. 79. - 80. lpp.
 DL25_Kombinētas figūras.docx
28.11.2025","Trijstūra un riņķa laukums.","4.temats"
"27.11.2025","Kombinētas figūras.
SR: Izveido figūru laukumu aprēķināšanas izteiksmes. Lieto taisnstūra, trijstūra riņķa un riņķa sektora laukuma aprēķināšanas formulas.",,"Trijstūra un riņķa laukums.","4.temats"
"28.11.2025","KVD ""Trijstūra, riņķa un riņķa sektora laukums""
SR: Patstāvīgi lieto trijstūra un riņķa laukuma formulas.",,"Trijstūra un riņķa laukums.","4.temats"
"28.11.2025","Telpiskas figūras.
SR: Skaidro, kā veidojas un kā aprēķināt prizmas sānu virsmas un pilnas virsmas laukumu. Zīmē dažādu prizmu izklājumus. Aprēķina prizmas sānu virsmas un pilnas virsmas laukumu,
aprēķinu veikšanai izvēlas atbilstošus lielumus. Aprēķina prizmas tilpumu, t. sk. praktiska satura uzdevumos.","Teorija: M.g. 82. lpp.
1.12.2025","Trijstūra un riņķa laukums.","4.temats"
"1.12.2025","Telpiskas figūras.
SR: Skaidro, kā veidojas un kā aprēķināt prizmas sānu virsmas un pilnas virsmas laukumu. Zīmē dažādu prizmu izklājumus. Aprēķina prizmas sānu virsmas un pilnas virsmas laukumu,
aprēķinu veikšanai izvēlas atbilstošus lielumus. Aprēķina prizmas tilpumu, t. sk. praktiska satura uzdevumos.",,"Trijstūra un riņķa laukums.","4.temats"
"4.12.2025","Telpiskas figūras. Prizma.
SR: Aprēķina prizmas sānu virsmas un pilnas virsmas laukumu, aprēķinu veikšanai izvēlas atbilstošus lielumus. Aprēķina prizmas tilpumu, t. sk. praktiska satura uzdevumos.","Teorija: M.g. 82. lpp.
Stundā: 81. - 90. uzd. 87. - 88. lpp.
5.12.2025","Trijstūra un riņķa laukums.","4.temats"
"4.12.2025","Telpiskas figūras. Prizma.
SR: Aprēķina prizmas sānu virsmas un pilnas virsmas laukumu, aprēķinu veikšanai izvēlas atbilstošus lielumus. Aprēķina prizmas tilpumu, t. sk. praktiska satura uzdevumos.",,"Trijstūra un riņķa laukums.","4.temats"
"5.12.2025","Telpiskas figūras. Cilindrs.
SR: Aprēķina cilindra sānu virsmas un pilnas virsmas laukumu, aprēķinu veikšanai izvēlas atbilstošus lielumus. Aprēķina cilindra tilpumu, t. sk. praktiska satura uzdevumos.","Teorija: M.g. 84. lpp.
Stundā: 96.-98. uzd. 89. lpp.
8.12.2025","Trijstūra un riņķa laukums.","4.temats"
"5.12.2025","Telpiskas figūras. Cilindrs.
SR: Aprēķina cilindra sānu virsmas un pilnas virsmas laukumu, aprēķinu veikšanai izvēlas atbilstošus lielumus. Aprēķina cilindra tilpumu, t. sk. praktiska satura uzdevumos.",,"Trijstūra un riņķa laukums.","4.temats"
"8.12.2025","Telpiskas figūras. Cilindrs.
SR: Aprēķina cilindra sānu virsmas un pilnas virsmas laukumu, aprēķinu veikšanai izvēlas atbilstošus lielumus. Aprēķina cilindra tilpumu, t. sk. praktiska satura uzdevumos.","Teorija: M.g. 84. lpp.
Stundā: 90. - 91.lpp. 106. -108.uzd.
 22_Apkopojums par tematu laukumi un tilpumi.docx
9.12.2025","Trijstūra un riņķa laukums.","4.temats"
"9.12.2025","Gatvošanās pārbaudes darbam
SR: Lieto trijstūra laukuma un riņķa laukuma aprēķināšanas formulas nezināmo lielumu, t. sk. riņķa sektora laukuma aprēķināšanai.*Sadala figūru citās figūrās, kuru laukumu var aprēķināt, izmantojot dotos lielumus.*Uzzīmē cilindru, taisnu prizmu.* Aprēķina taisnas prizmas un cilindra virsmas laukumu un tilpumu, lieto sakarība starp lielumiem nezināmo lielumu aprēķināšanai."," ATBILDES_Es protu_Laukumi un tilpumi.pdf
11.12.2025","Trijstūra un riņķa laukums.","4.temats"
"11.12.2025","TNPD ""Lieto trijstūra laukuma un riņķa laukuma aprēķināšanas formulas nezināmo lielumu, t. sk. riņķa sektora laukuma aprēķināšanai.*Sadala figūru citās figūrās, kuru laukumu var aprēķināt, izmantojot dotos lielumus.*Uzzīmē cilindru, taisnu prizmu.* Aprēķina taisnas prizmas un cilindra virsmas laukumu un tilpumu, lieto sakarība starp lielumiem nezināmo lielumu aprēķināšanai.""",,"Trijstūra un riņķa laukums.","4.temats"
"11.12.2025","Datu sakārtošanas metodes
SR: Sakārto dotos datus biežuma tabulā, attēlo datus ar stabiņu un sektora diagrammu.",,"Ievads statistikā.","5.temats"
"12.12.2025","Datu sakārtošanas metodes
SR: Sakārto dotos datus biežuma tabulā, attēlo datus ar stabiņu un sektora diagrammu.","Teorija: M.g. 8. lpp.
Paņemt cirkuli un transportieri
15.12.2025","Ievads statistikā.","5.temats"
"12.12.2025","Datu sakārtošanas metodes
SR: Sakārto dotos datus biežuma tabulā, attēlo datus ar stabiņu un sektora diagrammu.",,"Ievads statistikā.","5.temats"
"15.12.2025","Datu sakārtošanas metodes
SR: Sakārto dotos datus biežuma tabulā, attēlo datus ar stabiņu un sektora diagrammu.",,"Ievads statistikā.","5.temats"
"5.01.2026","Datu kopu raksturojošie statistiskie lielumi
SR: Nosaka modu, mediānu, amplitūdu, absolūto un relatīvo biežumu. Analizē dotos apgalvojumu patiesumu. Lasa, analizē un izvērtē tekstus, t. sk., medijos pieejamos, kuros
izmantoti statistiskie rādītāji.","Paņemt transportieri un cirkuli! (Šī temata stundās bieži izmantosim kalkulatoru. Var ņemt savu, ja ir.)
6.01.2026","Ievads statistikā.","5.temats"
"6.01.2026","Datu kopu raksturojošie statistiskie lielumi
SR: Nosaka modu, mediānu, amplitūdu, absolūto un relatīvo biežumu. Analizē dotos apgalvojumu patiesumu. Lasa, analizē un izvērtē tekstus, t. sk., medijos pieejamos, kuros
izmantoti statistiskie rādītāji.",,"Ievads statistikā.","5.temats"
"8.01.2026","Datu kopu raksturojošie statistiskie lielumi
SR: Nosaka modu, mediānu, amplitūdu, absolūto un relatīvo biežumu. Analizē dotos apgalvojumu patiesumu. Lasa, analizē un izvērtē tekstus, t. sk., medijos pieejamos, kuros
izmantoti statistiskie rādītāji.",,"Ievads statistikā.","5.temats"
"8.01.2026","Datu kopu raksturojošie statistiskie lielumi
SR: Nosaka modu, mediānu, amplitūdu, absolūto un relatīvo biežumu. Analizē dotos apgalvojumu patiesumu. Lasa, analizē un izvērtē tekstus, t. sk., medijos pieejamos, kuros
izmantoti statistiskie rādītāji.",,"Ievads statistikā.","5.temats"
"9.01.2026","Datu kopu raksturojošie statistiskie lielumi
SR: Nosaka modu, mediānu, amplitūdu, absolūto un relatīvo biežumu. Analizē dotos apgalvojumu patiesumu. Lasa, analizē un izvērtē tekstus, t. sk., medijos pieejamos, kuros
izmantoti statistiskie rādītāji.",,"Ievads statistikā.","5.temats"
"9.01.2026","Datu kopu raksturojošie statistiskie lielumi
SR: Nosaka modu, mediānu, amplitūdu, absolūto un relatīvo biežumu. Analizē dotos apgalvojumu patiesumu. Lasa, analizē un izvērtē tekstus, t. sk., medijos pieejamos, kuros
izmantoti statistiskie rādītāji.",,"Ievads statistikā.","5.temats"
"12.01.2026","Datu kopu raksturojošie statistiskie lielumi
SR: Nosaka modu, mediānu, amplitūdu, absolūto un relatīvo biežumu. Analizē dotos apgalvojumu patiesumu. Lasa, analizē un izvērtē tekstus, t. sk., medijos pieejamos, kuros
izmantoti statistiskie rādītāji.","Stundā: M.g. 22. - 23. lpp.
13.01.2026","Ievads statistikā.","5.temats"
"13.01.2026","Datu kopu raksturojošie statistiskie lielumi
SR: Nosaka modu, mediānu, amplitūdu, absolūto un relatīvo biežumu. Analizē dotos apgalvojumu patiesumu. Lasa, analizē un izvērtē tekstus, t. sk., medijos pieejamos, kuros
izmantoti statistiskie rādītāji.",,"Ievads statistikā.","5.temats"
"15.01.2026","Apkopojums par tematu ""Statistika""
SR: Nosaka datu kopas mediānu, modu, aritmētisko vidējo, amplitūdu. Veido biežuma tabulu, aprēķina relatīvo biežumu. Zīmē stabiņu un sektora diagrammu. Veic secinājumus, izmantojot statistiskos lielumus."," DL25_Gatavošanās pārbaudes darbam.pdf
16.01.2026","Ievads statistikā.","5.temats"
"15.01.2026","Apkopojums par tematu ""Statistika""
SR: Nosaka datu kopas mediānu, modu, aritmētisko vidējo, amplitūdu. Veido biežuma tabulu, aprēķina relatīvo biežumu. Zīmē stabiņu un sektora diagrammu. Veic secinājumus, izmantojot statistiskos lielumus.",,"Ievads statistikā.","5.temats"
"16.01.2026","TNPD ""Ievads statistikā""
SR: Uzskatāmi attēlo datus un iegūtos rezultātus. Nosaka datu kopas statistiskos rādītājus – amplitūdu, mediānu, modu, aritmētisko vidējo, absolūto un relatīvo biežumu, izmantojot aprēķinus un digitālos rīkus. Analizē datus, izmantojot statistiskos rādītājus. *Salīdzina datus par divām objektu kopām, lietojot datu kopas vidējos lielumus, amplitūdu, absolūto un relatīvo biežumu.",,"Ievads statistikā.","5.temats"
"16.01.2026","Kvadrātfunkcija
SR: Izmantojot dotu kvadrātfunkciju grafikus, izsaka pieņēmumus par funkcijas īpašībām, un to, kā var noteikt parabolas virsotnes koordinātas. Aprēķina koordinātas kvadrātfunkcijas grafika virsotnei. Zīmē kvadrātfunkcijas grafiku, izmantojot atsevišķu punktu vērtības, simetriju un virsotnes atrašanās vietu. Pēta kvadrātfunkciju grafiku novietojumu koordinātu plaknē, skicē
grafikus, ja dotas koeficientu a vai c vērtību lielums.",,"Kvadrātfunkcija un kvadrātvienādojumi.","6.temats"
"19.01.2026","Kvadrātfunkcija
SR: Izmantojot dotu kvadrātfunkciju grafikus, izsaka pieņēmumus par funkcijas īpašībām, un to, kā var noteikt parabolas virsotnes koordinātas. Aprēķina koordinātas kvadrātfunkcijas grafika virsotnei. Zīmē kvadrātfunkcijas grafiku, izmantojot atsevišķu punktu vērtības, simetriju un virsotnes atrašanās vietu. Pēta kvadrātfunkciju grafiku novietojumu koordinātu plaknē, skicē
grafikus, ja dotas koeficientu a vai c vērtību lielums.","Teorija: 96. lpp.
20.01.2026","Kvadrātfunkcija un kvadrātvienādojumi.","6.temats"
"20.01.2026","Kvadrātfunkcija
SR: Izmantojot dotu kvadrātfunkciju grafikus, izsaka pieņēmumus par funkcijas īpašībām, un to, kā var noteikt parabolas virsotnes koordinātas. Aprēķina koordinātas kvadrātfunkcijas grafika virsotnei. Zīmē kvadrātfunkcijas grafiku, izmantojot atsevišķu punktu vērtības, simetriju un virsotnes atrašanās vietu. Pēta kvadrātfunkciju grafiku novietojumu koordinātu plaknē, skicē
grafikus, ja dotas koeficientu a vai c vērtību lielums.","Teorija: 96. lpp.
Stundā: 1. - 3. uzd. 99.lpp.
22.01.2026","Kvadrātfunkcija un kvadrātvienādojumi.","6.temats"
"22.01.2026","Kvadrātfunkcija
SR: Izmantojot dotu kvadrātfunkciju grafikus, izsaka pieņēmumus par funkcijas īpašībām, un to, kā var noteikt parabolas virsotnes koordinātas. Aprēķina koordinātas kvadrātfunkcijas grafika virsotnei. Zīmē kvadrātfunkcijas grafiku, izmantojot atsevišķu punktu vērtības, simetriju un virsotnes atrašanās vietu. Pēta kvadrātfunkciju grafiku novietojumu koordinātu plaknē, skicē
grafikus, ja dotas koeficientu a vai c vērtību lielums.","Stundā: M.g. 3. - 5., 9. - 12. uzd. 99. - 101. lpp.
23.01.2026","Kvadrātfunkcija un kvadrātvienādojumi.","6.temats"
"22.01.2026","Kvadrātfunkcija
SR: Izmantojot dotu kvadrātfunkciju grafikus, izsaka pieņēmumus par funkcijas īpašībām, un to, kā var noteikt parabolas virsotnes koordinātas. Aprēķina koordinātas kvadrātfunkcijas grafika virsotnei. Zīmē kvadrātfunkcijas grafiku, izmantojot atsevišķu punktu vērtības, simetriju un virsotnes atrašanās vietu. Pēta kvadrātfunkciju grafiku novietojumu koordinātu plaknē, skicē
grafikus, ja dotas koeficientu a vai c vērtību lielums.",,"Kvadrātfunkcija un kvadrātvienādojumi.","6.temats"
"23.01.2026","Kvadrātfunkcija
SR: Izmantojot dotu kvadrātfunkciju grafikus, izsaka pieņēmumus par funkcijas īpašībām, un to, kā var noteikt parabolas virsotnes koordinātas. Aprēķina koordinātas kvadrātfunkcijas grafika virsotnei. Zīmē kvadrātfunkcijas grafiku, izmantojot atsevišķu punktu vērtības, simetriju un virsotnes atrašanās vietu. Pēta kvadrātfunkciju grafiku novietojumu koordinātu plaknē, skicē
grafikus, ja dotas koeficientu a vai c vērtību lielums.","Mājās: Pabeigt 14. uzd. 102. lpp.
26.01.2026","Kvadrātfunkcija un kvadrātvienādojumi.","6.temats"
"23.01.2026","Kvadrātfunkcija
SR: Izmantojot dotu kvadrātfunkciju grafikus, izsaka pieņēmumus par funkcijas īpašībām, un to, kā var noteikt parabolas virsotnes koordinātas. Aprēķina koordinātas kvadrātfunkcijas grafika virsotnei. Zīmē kvadrātfunkcijas grafiku, izmantojot atsevišķu punktu vērtības, simetriju un virsotnes atrašanās vietu. Pēta kvadrātfunkciju grafiku novietojumu koordinātu plaknē, skicē
grafikus, ja dotas koeficientu a vai c vērtību lielums.",,"Kvadrātfunkcija un kvadrātvienādojumi.","6.temats"
"26.01.2026","Kvadrātvienādojuma atrisināšana grafiski
SR: atrisina kvadrātvienādojumu grafiski; pārbauda, vai konkrētie skaitļi ir dotā kvadrātvienādojuma saknes;","Teorija: 104. lpp.
Stundā: M.g. 107. lpp.
27.01.2026","Kvadrātfunkcija un kvadrātvienādojumi.","6.temats"
"27.01.2026","Kvadrātvienādojuma atrisināšana grafiski
SR: atrisina kvadrātvienādojumu grafiski; pārbauda, vai konkrētie skaitļi ir dotā kvadrātvienādojuma saknes;",,"Kvadrātfunkcija un kvadrātvienādojumi.","6.temats"
"29.01.2026","Kvadrātvienādojuma atrisināšana grafiski
SR: atrisina kvadrātvienādojumu grafiski; pārbauda, vai konkrētie skaitļi ir dotā kvadrātvienādojuma saknes;","Mājās:2 piemēri pēc izvēles no 21. uzd. 108. lpp. (Var pārbaudīt izmantojot https://www.desmos.com/calculator)
30.01.2026","Kvadrātfunkcija un kvadrātvienādojumi.","6.temats"
"29.01.2026","Kvadrātvienādojumu atrisināšana ar formulām
SR:Lieto kvadrātvienādojuma aprēķināšanas formulas.","Teorija: 104.lpp.
30.01.2026","Kvadrātfunkcija un kvadrātvienādojumi.","6.temats"
"30.01.2026","Kvadrātvienādojumu atrisināšana ar formulām
SR:Lieto kvadrātvienādojuma aprēķināšanas formulas.",,"Kvadrātfunkcija un kvadrātvienādojumi.","6.temats"
"30.01.2026","Kvadrātvienādojumu atrisināšana ar formulām
SR:Lieto kvadrātvienādojuma aprēķināšanas formulas.",,"Kvadrātfunkcija un kvadrātvienādojumi.","6.temats"
"2.02.2026","Kvadrātvienādojumu atrisināšana ar formulām
SR:Lieto kvadrātvienādojuma aprēķināšanas formulas.","Teorija: 104.lpp.
Stundā: 26., 27. uzd. 109. lpp.
3.02.2026","Kvadrātfunkcija un kvadrātvienādojumi.","6.temats"
"3.02.2026","Kvadrātvienādojumu atrisināšana ar formulām
SR:Lieto kvadrātvienādojuma aprēķināšanas formulas. Nosaka vienādojuma sakņu skaitu, lietojot diskriminantu.","Teorija: 104.lpp.
Stundā: 27., 28. uzd. 109. lpp.
05.02. būs mazais darbiņš par kvadrātvienādojumu risināšanu.
5.02.2026","Kvadrātfunkcija un kvadrātvienādojumi.","6.temats"
"5.02.2026","KVD Pilno kvadrātvienādojumu risināšana.
SR:Lieto kvadrātvienādojuma aprēķināšanas formulas. Nosaka vienādojuma sakņu skaitu, lietojot diskriminantu.",,"Kvadrātfunkcija un kvadrātvienādojumi.","6.temats"
"5.02.2026","Kvadrātvienādojumu atrisināšana ar formulām
SR:Lieto kvadrātvienādojuma aprēķināšanas formulas. Nosaka vienādojuma sakņu skaitu, lietojot diskriminantu.",,"Kvadrātfunkcija un kvadrātvienādojumi.","6.temats"
"6.02.2026","Uzdevumi ar parametru
SR: Zina parametra ietekmi uz kvadrātvienādojumu; prot noteikt sakņu skaitu atkarībā no parametra","Stundā: M.g. 33. - 43. uzd. 110. - 111. lpp.
9.02.2026","Kvadrātfunkcija un kvadrātvienādojumi.","6.temats"
"6.02.2026","Teksta uzdevumi
SR: Sastāda uzdevuma aprakstam atbilstošu vienādojumu; atrisina praktiska satura uzdevumus,
izmantojot kvadrātvienādojumu;",,"Kvadrātfunkcija un kvadrātvienādojumi.","6.temats"
"9.02.2026","Teksta uzdevumi
SR: Sastāda uzdevuma aprakstam atbilstošu vienādojumu; atrisina praktiska satura uzdevumus,
izmantojot kvadrātvienādojumu;","Stundā: M.g. 49., 54., 58., 62., 65., 66. uzd. 111. - 113. lpp.
10.02.2026","Kvadrātfunkcija un kvadrātvienādojumi.","6.temats"
"10.02.2026","Vjeta teorēma
SR: Risina kvadrātvienādojumus, lietojot Vjeta teorēmu",,"Kvadrātfunkcija un kvadrātvienādojumi.","6.temats"
"12.02.2026","Vjeta teorēma
SR: Risina kvadrātvienādojumus, lietojot Vjeta teorēmu","Stundā: M.g. 75., 76. uzd. 117. lpp.
Temata noslēguma pārbaudes darbs pārcelts uz 17.02.
13.02.2026","Kvadrātfunkcija un kvadrātvienādojumi.","6.temats"
"12.02.2026","Nepilnie kvadrātvienādojumi
SR: Risina nepilnos kvadrātvienādojumus, lietojot dažādus paņēmienus","M.g.118. - 119. lpp.
Teorija: https://www.uzdevumi.lv/p/matematika/8-klase/kvadratvienadojumi-2290/k...
13.02.2026","Kvadrātfunkcija un kvadrātvienādojumi.","6.temats"
"13.02.2026","Kvadrāttrinomu sadalīšana reizinātājos
SR: Lieto zināšanas par kvadrātvienādojumu atrisināšanu kvadrāttrinomu sadalīšanai reizinātājos.",,"Kvadrātfunkcija un kvadrātvienādojumi.","6.temats"
"13.02.2026","Gatavošanās pārbaudes dabam
SR: Zīmē kvadrātfunkcijas grafiku. Atrisina kvadrātvienādojumu grafiski, ar Vjeta teorēmu, vispārīgajām atrisināšanas formulām. Risina nepilnos kvadrātvienādojumus. Prot noteikt vienādojuma sakņu skaitu pēc grafika vai diskriminanta vērtības. Sastāda kvadrātvienādojumu atbilstoši situācijas aprakstam. Sadala reizinātājos kvadrāttrinomu."," DL26_Gatavošanās Pārbaudes darbam.docx
17.02.2026","Kvadrātfunkcija un kvadrātvienādojumi.","6.temats"
"16.02.2026","Gatavošanās pārbaudes dabam
SR: Zīmē kvadrātfunkcijas grafiku. Atrisina kvadrātvienādojumu grafiski, ar Vjeta teorēmu, vispārīgajām atrisināšanas formulām. Risina nepilnos kvadrātvienādojumus. Prot noteikt vienādojuma sakņu skaitu pēc grafika vai diskriminanta vērtības. Sastāda kvadrātvienādojumu atbilstoši situācijas aprakstam. Sadala reizinātājos kvadrāttrinomu.","Gatavoties pārbaudes darbam. Lai gatavotos var risināt uzdevumus no darba lapas, ko risinājām stundā, un m.g. 120. - 121. lpp. Kvadrāttrinomu sadalīšana reizinātājos: 143. lpp. 9. uzd.
 DL_Atbildes_Kvadratvienadojumi.pdf
17.02.2026","Kvadrātfunkcija un kvadrātvienādojumi.","6.temats"
"17.02.2026","TNPD ""Kvadrātfunkcija un kvadrātvienādojumi""
SR: Zīmē kvadrātfunkcijas grafiku. Atrisina kvadrātvienādojumu grafiski, ar diskriminantu, ar Vjeta teorēmu. Atrisina nepinos kvadrātvienādojumus.Atrisina praktiska satura uzdevumus, izmantojot kvadrātvienādojumu. *Sadala kvadrāttrinomu reizinātajos.",,"Kvadrātfunkcija un kvadrātvienādojumi.","6.temats"
"19.02.2026","Pitagora teorēma
SR: Prot atlikt uz skaitļu ass iracionālas vērtības piem., kvadrātsakni no 2. Aprēķina taisnleņķa trijstūra vienas malas garumu, ja divu malu garumi ir zināmi.","Teorija: M.g. 148. lpp.
Stundā: 8. - 13. uzd. 152. - 153. lpp.
20.02.2026","Pitagora teorēma.","7.temats"
"19.02.2026","Pitagora teorēma
SR: Prot atlikt uz skaitļu ass iracionālas vērtības piem., kvadrātsakni no 2. Aprēķina taisnleņķa trijstūra vienas malas garumu, ja divu malu garumi ir zināmi.",,"Pitagora teorēma.","7.temats"
"20.02.2026","Taisnleņķa trijstūra pazīme
SR: Lieto Pitagora teorēmu, lai noteiktu vai trijstūris ir taisnleņķa trijstūris.","Stundā: M.g. 16. - 18. uzd. 154. lpp.
23.02.2026","Pitagora teorēma.","7.temats"
"20.02.2026","Pitagora teorēmas lietojums reālajā dzīvē
SR:",,"Pitagora teorēma.","7.temats"
"23.02.2026","Vienādojumi un Pitagora teorēma.
SR: lietojot Pitagora teorēmu, izveido algebriskas izteiksmes un atrisina kvadrātvienādojumu; saskata un izmanto Pitagora teorēmu praktiska satura uzdevumos;","Stundā: M.g. 155. - 156. lpp.
26.02.2026","Pitagora teorēma.","7.temats"
"24.02.2026","Laukums un Pitagora teorēma.
SR: Lieto Pitagora teorēmu lai aprēķinātu lielumus, kas nepieciešami figūras laukuma aprēķināšanai.","Stundā: M.g. 157. - 158. lpp.
27.02.2026","Pitagora teorēma.","7.temats"
"26.02.2026","Laukums un Pitagora teorēma.
SR: Lieto Pitagora teorēmu lai aprēķinātu lielumus, kas nepieciešami figūras laukuma aprēķināšanai.",,"Pitagora teorēma.","7.temats"
"26.02.2026","Laukums un Pitagora teorēma.
SR: Lieto Pitagora teorēmu lai aprēķinātu lielumus, kas nepieciešami figūras laukuma aprēķināšanai.",,"Pitagora teorēma.","7.temats"
"27.02.2026","Taisnleņķa trijstūru vienādības pazīmes.
SR: Formulē taisnleņķa trijstūru vienādības pazīmes; Izmantot taisnleņķa trijstūra vienādības pazīmes.","Stundā: M.g. 160. - 161. lpp.
2.03.2026","Pitagora teorēma.","7.temats"
"27.02.2026","Taisnleņķa trijstūru vienādības pazīmes.
SR: Formulē taisnleņķa trijstūru vienādības pazīmes; Izmantot taisnleņķa trijstūra vienādības pazīmes.",,"Pitagora teorēma.","7.temats"
"2.03.2026","Taisnleņķa trijstūru vienādības pazīmes.
SR: Formulē taisnleņķa trijstūru vienādības pazīmes; Izmantot taisnleņķa trijstūra vienādības pazīmes.",,"Pitagora teorēma.","7.temats"
"3.03.2026","Taisnleņķa trijstūru vienādības pazīmes.
SR: Formulē taisnleņķa trijstūru vienādības pazīmes; Izmantot taisnleņķa trijstūra vienādības pazīmes.",,"Pitagora teorēma.","7.temats"
"5.03.2026","Gatavošanās pārbaudes darbam
SR: Aprēķina hipotenūzas vai katetes garumu. Veido korektu pierakstu, lietojot Pitagora teorēmu. Lieto taisnleņķa trijstūra pazīmi. Veido algebrisku modeli, izmantojot Pitagora teorēmu. Pierāda taisnleņķa trijstūru vienādību, atsevišķu elementu vienādību."," 1_1_ Uzdevumu atrisinajumi.pdf
 23_Apkopojums par Pitagora teorēmu.docx
6.03.2026","Pitagora teorēma.","7.temats"
"5.03.2026","Gatavošanās pārbaudes darbam
SR: Aprēķina hipotenūzas vai katetes garumu. Veido korektu pierakstu, lietojot Pitagora teorēmu. Lieto taisnleņķa trijstūra pazīmi. Veido algebrisku modeli, izmantojot Pitagora teorēmu. Pierāda taisnleņķa trijstūru vienādību, atsevišķu elementu vienādību.",,"Pitagora teorēma.","7.temats"
"6.03.2026","TNPD ""Pitagora teorēma""
SR: Aprēķina hipotenūzas vai katetes garumu. Veido korektu pierakstu, lietojot Pitagora teorēmu. Lieto taisnleņķa trijstūra pazīmi. Veido algebrisku modeli, izmantojot Pitagora teorēmu. Pierāda taisnleņķa trijstūru vienādību, atsevišķu elementu vienādību.",,"Pitagora teorēma.","7.temats"
"6.03.2026","Nogriežņu attiecība. Taisnleņķa trijstūra šaurā leņķa sinuss, kosinuss, tangenss
SR: aprēķināt nogriežņu attiecību; aprēķināt taisnleņķa trijstūra šaurā leņķa trigonometriskās funkcijas, ja doti divu malu garumi vai izdarot nepieciešamos merījumus;",,"Trigonometrija taisnleņķa trijstūrī.","8.temats"
"17.03.2026","Taisnleņķa trijstūra šaurā leņķa sinuss, kosinuss, tangenss.
SR: Aprēķināt taisnleņķa trijstūra šaurā leņķa trigonometriskās funkcijas, ja doti divu malu garumi vai izdarot nepieciešamos merījumus; Aprēķina sinusu, kosinusu, tangensu, lietojot kalkulatoru vai trigonometrisko vērtību tabulu.","Mājās: DL 3. - 6. uzdevums.
 1DL26_Trigonometrisko funkciju vērtību noteikšna.docx
19.03.2026","Trigonometrija taisnleņķa trijstūrī.","8.temats"
"17.03.2026","Taisnleņķa trijstūra šaurā leņķa sinuss, kosinuss, tangenss.
SR: Aprēķināt taisnleņķa trijstūra šaurā leņķa trigonometriskās funkcijas, ja doti divu malu garumi vai izdarot nepieciešamos merījumus; Aprēķina sinusu, kosinusu, tangensu, lietojot kalkulatoru vai trigonometrisko vērtību tabulu.",,"Trigonometrija taisnleņķa trijstūrī.","8.temats"
"19.03.2026","Sinusa, kosinusa un tangensa vērtības 45°, 30° un 60° lieliem leņķiem.
SR: Aprēķina trijstūra vai citu figūru elementus, izmantojot trigonometriskās sakarības 45°, 30° un 60° lieliem leņķiem.","Teorija: https://www.uzdevumi.lv/p/matematika/9-klase/trigonometriskas-sakariba...
Stundā: DL 1., 13. uzd.
 2DL26_Taisnleņķa trijstūra malu garuma aprēķināšana.docx
20.03.2026","Trigonometrija taisnleņķa trijstūrī.","8.temats"
"19.03.2026","Sinusa, kosinusa un tangensa vērtības 45°, 30° un 60° lieliem leņķiem.
SR: Aprēķina trijstūra vai citu figūru elementus, izmantojot trigonometriskās sakarības 45°, 30° un 60° lieliem leņķiem.",,"Trigonometrija taisnleņķa trijstūrī.","8.temats"
"20.03.2026","Sinusa, kosinusa un tangensa vērtības 45°, 30° un 60° lieliem leņķiem.
SR: Aprēķina trijstūra vai citu figūru elementus, izmantojot trigonometriskās sakarības 45°, 30° un 60° lieliem leņķiem.","Teorija: https://www.uzdevumi.lv/p/matematika/9-klase/trigonometriskas-sakariba...
Stundā: DL 14. - 18. uzd.
 2DL26_Taisnleņķa trijstūra malu garuma aprēķināšana.docx
24.03.2026","Trigonometrija taisnleņķa trijstūrī.","8.temats"
"20.03.2026","Sinusa, kosinusa un tangensa vērtības 45°, 30° un 60° lieliem leņķiem.
SR: Aprēķina trijstūra vai citu figūru elementus, izmantojot trigonometriskās sakarības 45°, 30° un 60° lieliem leņķiem.",,"Trigonometrija taisnleņķa trijstūrī.","8.temats"
"24.03.2026","Šaurā leņķa sinusa, kosinusa un tangensa vērtību izmantošana.
SR: Lieto tabulas vai tehnoloģijas, lai noteiktu dažādu šauru leņķu sinusa, kosinusa un tangensa vērtības. Aprēķina taisnleņķa trijstūra elementus, ja dots viens šaurā leņķa lielums un vienas vai divu trijstūra malu garumi. Lieto trigonometriskās sakarības taisnleņķa trijstūrī, lai aprēķinātu dažādu figūru elementus, t. sk. situācijās ar reālu kontekstu.","Mājās: Darba lapas 33. uzd.
 3DL26_Leņķa lieluma aprēķināšana un trigonometrisko sakarību lietošana...
26.03.2026","Trigonometrija taisnleņķa trijstūrī.","8.temats"
"24.03.2026","Šaurā leņķa sinusa, kosinusa un tangensa vērtību izmantošana.
SR: Lieto tabulas vai tehnoloģijas, lai noteiktu dažādu šauru leņķu sinusa, kosinusa un tangensa vērtības. Aprēķina taisnleņķa trijstūra elementus, ja dots viens šaurā leņķa lielums un vienas vai divu trijstūra malu garumi. Lieto trigonometriskās sakarības taisnleņķa trijstūrī, lai aprēķinātu dažādu figūru elementus, t. sk. situācijās ar reālu kontekstu.",,"Trigonometrija taisnleņķa trijstūrī.","8.temats"
"26.03.2026","Šaurā leņķa sinusa, kosinusa un tangensa vērtību izmantošana.
SR: Lieto tabulas vai tehnoloģijas, lai noteiktu dažādu šauru leņķu sinusa, kosinusa un tangensa vērtības. Aprēķina taisnleņķa trijstūra elementus, ja dots viens šaurā leņķa lielums un vienas vai divu trijstūra malu garumi. Lieto trigonometriskās sakarības taisnleņķa trijstūrī, lai aprēķinātu dažādu figūru elementus, t. sk. situācijās ar reālu kontekstu.","Gatavoties pārbaudes darbam.
 DL4_atbildes_apkopojums.pdf
 8kl_17uzd_atbildes_2DL.pdf
 DL3_atbildes-1.pdf
 4DL_Apkopojums.docx
 5DL_JA GRIBI VĒL UZDEVUMUS.docx
27.03.2026","Trigonometrija taisnleņķa trijstūrī.","8.temats"
"26.03.2026","Šaurā leņķa sinusa, kosinusa un tangensa vērtību izmantošana.
SR: Lieto tabulas vai tehnoloģijas, lai noteiktu dažādu šauru leņķu sinusa, kosinusa un tangensa vērtības. Aprēķina taisnleņķa trijstūra elementus, ja dots viens šaurā leņķa lielums un vienas vai divu trijstūra malu garumi. Lieto trigonometriskās sakarības taisnleņķa trijstūrī, lai aprēķinātu dažādu figūru elementus, t. sk. situācijās ar reālu kontekstu.",,"Trigonometrija taisnleņķa trijstūrī.","8.temats"
"27.03.2026","TNPD ""Trigonometriskās sakarības taisnleņķa trijstūrī""
SR: Aprēķina taisnleņķa trijstūra nezināmos lielumus, ja dots viena šaurā leņķa lielums un vienas malas garums vai divu malu garumi.* Lieto trigonometriskās sakarības taisnleņķa trijstūrī, lai aprēķinātu plaknes figūru lielumus.* Spriež konkrēti vai vispārīgi, izmanto vienādmalu, vienādsānu trijstūra īpašības, Pitagora teorēmu un secina par malu attiecību, ja šaurais leņķis ir 30°, 45°, 60°.",,"Trigonometrija taisnleņķa trijstūrī.","8.temats"
"27.03.2026","TNPD ""Trigonometriskās sakarības taisnleņķa trijstūrī""
SR: Aprēķina taisnleņķa trijstūra nezināmos lielumus, ja dots viena šaurā leņķa lielums un vienas malas garums vai divu malu garumi.* Lieto trigonometriskās sakarības taisnleņķa trijstūrī, lai aprēķinātu plaknes figūru lielumus.* Spriež konkrēti vai vispārīgi, izmanto vienādmalu, vienādsānu trijstūra īpašības, Pitagora teorēmu un secina par malu attiecību, ja šaurais leņķis ir 30°, 45°, 60°.",,"Trigonometrija taisnleņķa trijstūrī.","8.temats"
"31.03.2026","Izliekta n-stūra leņķu summa. Taišņu paralelitātes pazīmes.
SR: Lieto izliekta n-stūra leņķu summas formulu. Pamato taišņu paralelitāti.","Teorija: M.g. 166. - 167. lpp.
Uzdevumi: 168. - 169. lpp.
02.04. konsultācija 7. - 9. stundā
2.04.2026","Paralelograma īpašības.","9.temats"
"31.03.2026","Izliekta n-stūra leņķu summa. Taišņu paralelitātes pazīmes.
SR: Lieto izliekta n-stūra leņķu summas formulu. Pamato taišņu paralelitāti.",,"Paralelograma īpašības.","9.temats"
"2.04.2026","Izliekta n-stūra leņķu summa. Taišņu paralelitātes pazīmes.
SR: Lieto izliekta n-stūra leņķu summas formulu. Pamato taišņu paralelitāti.",,"Paralelograma īpašības.","9.temats"
"2.04.2026","Paralelograma īpašības.
SR: Aprēķina paralelograma elementu lielumus. Aprēķina paralelograma perimetri, t. sk. uzdevumos ar reālu kontekstu.","Teorija: M.g. 174. lpp.
Uzdevumi: M.g. 177. - 178. lpp.
9.04.2026","Paralelograma īpašības.","9.temats"
"7.04.2026","Paralelograma īpašības.
SR: Aprēķina paralelograma elementu lielumus. Aprēķina paralelograma perimetri, t. sk. uzdevumos ar reālu kontekstu.",,"Paralelograma īpašības.","9.temats"
"7.04.2026","Paralelograma īpašības.
SR: Aprēķina paralelograma elementu lielumus. Aprēķina paralelograma perimetri, t. sk. uzdevumos ar reālu kontekstu.",,"Paralelograma īpašības.","9.temats"
"9.04.2026","Paralelograma pazīmes
SR: Veido paralelograma pazīmes pierādījumu, ja doti kādi apgalvojumi, vai arī pabeidz to, ja pierādījums ir iesākts. Noskaidro un pierāda, vai četrstūris ir paralelograms",,"Paralelograma īpašības.","9.temats"
"9.04.2026","Paralelograma pazīmes
SR: Veido paralelograma pazīmes pierādījumu, ja doti kādi apgalvojumi, vai arī pabeidz to, ja pierādījums ir iesākts. Noskaidro un pierāda, vai četrstūris ir paralelograms",,"Paralelograma īpašības.","9.temats"
"10.04.2026","Paralelograma pazīmes
SR: Veido paralelograma pazīmes pierādījumu, ja doti kādi apgalvojumi, vai arī pabeidz to, ja pierādījums ir iesākts. Noskaidro un pierāda, vai četrstūris ir paralelograms",,"Paralelograma īpašības.","9.temats"
"10.04.2026","Rombs
SR: Aprēķina romba elementu lielumus. Izvērtē apgalvojumus un pamato to patiesumu. Pierāda elementu vienādību, izmantojot rombus. Nosaka un pamato vai četrstūris ir rombs.",,"Paralelograma īpašības.","9.temats"
"14.04.2026","Rombs
SR: Aprēķina romba elementu lielumus. Izvērtē apgalvojumus un pamato to patiesumu. Pierāda elementu vienādību, izmantojot rombus. Nosaka un pamato vai četrstūris ir rombs.","Stundā: M.g. 187. - 188. lpp.
16.04.2026","Paralelograma īpašības.","9.temats"
"14.04.2026","Rombs
SR: Aprēķina romba elementu lielumus. Izvērtē apgalvojumus un pamato to patiesumu. Pierāda elementu vienādību, izmantojot rombus. Nosaka un pamato vai četrstūris ir rombs.",,"Paralelograma īpašības.","9.temats"
"16.04.2026","Rombs
SR: Aprēķina romba elementu lielumus. Izvērtē apgalvojumus un pamato to patiesumu. Pierāda elementu vienādību, izmantojot rombus. Nosaka un pamato vai četrstūris ir rombs.","Stundā: M.g. 189. - 191. lpp.
17.04.2026","Paralelograma īpašības.","9.temats"
"16.04.2026","Rombs
SR: Aprēķina romba elementu lielumus. Izvērtē apgalvojumus un pamato to patiesumu. Pierāda elementu vienādību, izmantojot rombus. Nosaka un pamato vai četrstūris ir rombs.",,"Paralelograma īpašības.","9.temats"
"17.04.2026","Taisnstūris un kvadrāts
SR: Lieto taisnstūra un kvadrāta īpašības un pazīmes aprēķina un pierādījuma uzdevumos.","Teorija: M.g. 192., 193. lpp.
Uzdevumi: M.g. 194. - 195. lpp.
21.04.2026","Paralelograma īpašības.","9.temats"
"17.04.2026","Taisnstūris un kvadrāts
SR: Lieto taisnstūra un kvadrāta īpašības un pazīmes aprēķina un pierādījuma uzdevumos.",,"Paralelograma īpašības.","9.temats"
"21.04.2026","Paralelograma un romba laukums
SR: Lieto paralelograma un romba laukuma formulas četrstūru laukumu un to elementu aprēķināšanai.","https://www.uzdevumi.lv/TestWork/Info?jid=Qg5xZ8HO5EOYlcAvtMgKKA
21.04.2026","Paralelograma īpašības.","9.temats"
"21.04.2026","Paralelograma un romba laukums
SR: Lieto paralelograma un romba laukuma formulas četrstūru laukumu un to elementu aprēķināšanai.","Teorija: 198. lpp. un 9.kl. m.g. 90. lpp.
Stundā: 201. - 203. lpp.
23.04.2026","Paralelograma īpašības.","9.temats"
"23.04.2026","Gatavošanās pārbaudes darbam
SR: Aprēķina daudzstūra leņķu summu. Lieto paralelograma, romba, taisnstūra un kvadrāta īpašības un pazīmes aprēķina un pierādījuma uzdevumos. Aprēķina paralelograma un romba laukumu."," Apkopojums par tematu Paralelograms.pdf
 Skenēts_20260423-1509.pdf
24.04.2026","Paralelograma īpašības.","9.temats"
"23.04.2026","Gatavošanās pārbaudes darbam
SR: Aprēķina daudzstūra leņķu summu. Lieto paralelograma, romba, taisnstūra un kvadrāta īpašības un pazīmes aprēķina un pierādījuma uzdevumos. Aprēķina paralelograma un romba laukumu.",,"Paralelograma īpašības.","9.temats"
"24.04.2026","TNPD ""Paralelograms""
SR: Lieto sakarību par četrstūra leņķu summu, lai aprēķinātu nezināmos lielumus, formulētu apgalvojumus par figūru īpašībām.* Četrstūrī saskata un pamato divu trijstūru vienādību, secina par četrstūra elementu vienādību, loģiski saistot spriedumus.*Lieto paralelograma (t. sk. romba, taisnstūra, kvadrāta) īpašības, lai aprēķinātu nezināmos lielumus, formulētu apgalvojumus par figūru īpašībām.*Lieto paralelograma un romba laukuma formulas nezināmo lielumu aprēķināšanai.",,"Paralelograma īpašības.","9.temats"
"24.04.2026","Trapece
SR: Lieto trapeces definīciju un īpašību aprēķinu uzdevumos. Atpazīst vienādsānu un taisnleņķu trapeci.","Teorija: M.g. 208. lpp.
28.04.2026","Trapeces īpašības.","10.temats"
"28.04.2026","Vienādsānu un taisnleņķa trapeces.
SR: Lieto trapeces definīciju un īpašību aprēķina uzdevumos.",,"Trapeces īpašības.","10.temats"
"28.04.2026","Vienādsānu trapeces īpašības un pazīmes.
SR: izveido tekstam atbilstošus uzskatāmus zīmējumus, lieto pieņemtos apzīmējumus, risinot uzdevumus par četrstūriem; lieto trapeču īpašības un pazīmes.",,"Trapeces īpašības.","10.temats"
"30.04.2026","Pitagora teorēmas lietojums
SR: Lieto Pitagora teorēmu uzdevumos par trapeci.",,"Trapeces īpašības.","10.temats"
"30.04.2026","Apgalvojumu pierādīšana
SR: Lieto trapeces īpašības un pazīmes, lai pierādītu apgalvojumus par figūrām.","M.g. 217. lpp.
1.05.2026","Trapeces īpašības.","10.temats"
"5.05.2026","Trijstūra un trapeces viduslīnija.
SR: Aprēķina trijstūra viduslīnijas garumu, izmanto to aprēķinos arī cita veida figūrās. Veido pierādījumus konkrētām situācijām.","Teorija: M.g. 220.lpp.
Stundā: M.g. 222., 223. lpp.
7.05.2026","Trapeces īpašības.","10.temats"
"5.05.2026","Trijstūra un trapeces viduslīnija.
SR: Aprēķina trijstūra viduslīnijas garumu, izmanto to aprēķinos arī cita veida figūrās. Veido pierādījumus konkrētām situācijām.","Mājās: Darba lapa (1. - 4. uzd.) Tiem, kas nav nodevuši 30.04.
 MD_darba lapa_trapece.pdf
7.05.2026","Trapeces īpašības.","10.temats"
"7.05.2026","Trijstūra un trapeces viduslīnija.
SR: Aprēķina trijstūra viduslīnijas garumu, izmanto to aprēķinos arī cita veida figūrās. Veido pierādījumus konkrētām situācijām.","Mājās: Darba lapa (1. - 4. uzd.) Tiem, kas nav nodevuši 30.04.
 MD_darba lapa_trapece.pdf
8.05.2026","Trapeces īpašības.","10.temats"
"7.05.2026","Trijstūra un trapeces viduslīnija.
SR: Aprēķina trijstūra viduslīnijas garumu, izmanto to aprēķinos arī cita veida figūrās. Veido pierādījumus konkrētām situācijām.",,"Trapeces īpašības.","10.temats"
"8.05.2026","Trapeces laukums, daudzstūra laukums.
SR: Aprēķina trapeces laukumu vai trapeces elementus, ja zināms tās laukums. Izmanto Pitagora teorēmu, trapeces elementu aprēķināšanā. Raksta uzdevumu risināšanas plānu, ja jāaprēķina patvaļīga daudzstūra laukums, vai jānovērtē neregulāras formas figūru laukums, pirms tam sadalot figūru vairākās figūrās.","Teorija: M.g. 226. - 227. lpp.
Stundā: 228. - 229. lpp.
12.05.2026","Trapeces īpašības.","10.temats"
"8.05.2026","Trapeces laukums, daudzstūra laukums.
SR: Aprēķina trapeces laukumu vai trapeces elementus, ja zināms tās laukums. Izmanto Pitagora teorēmu, trapeces elementu aprēķināšanā. Raksta uzdevumu risināšanas plānu, ja jāaprēķina patvaļīga daudzstūra laukums, vai jānovērtē neregulāras formas figūru laukums, pirms tam sadalot figūru vairākās figūrās.",,"Trapeces īpašības.","10.temats"
"12.05.2026","Trapeces laukums, daudzstūra laukums.
SR: Aprēķina trapeces laukumu vai trapeces elementus, ja zināms tās laukums. Izmanto Pitagora teorēmu, trapeces elementu aprēķināšanā. Raksta uzdevumu risināšanas plānu, ja jāaprēķina patvaļīga daudzstūra laukums, vai jānovērtē neregulāras formas figūru laukums, pirms tam sadalot figūru vairākās figūrās.",,"Trapeces īpašības.","10.temats"
"12.05.2026","Trapeces laukums, daudzstūra laukums.
SR: Aprēķina trapeces laukumu vai trapeces elementus, ja zināms tās laukums. Izmanto Pitagora teorēmu, trapeces elementu aprēķināšanā. Raksta uzdevumu risināšanas plānu, ja jāaprēķina patvaļīga daudzstūra laukums, vai jānovērtē neregulāras formas figūru laukums, pirms tam sadalot figūru vairākās figūrās.",,"Trapeces īpašības.","10.temats"
"14.05.2026","Apkopojums par tematu
SR: Lieto trapeces/vienādsānu trapeces/taisnleņķa trapeces īpašības un pazīmes aprēķina un pierādījuma uzdevumos. Aprēķina trijstūra un trapeces viduslīniju. Aprēķina trapeces laukumu.","M.g. 234. - 235. lpp.
 Atbildes_es protu_trapece.pdf
15.05.2026","Trapeces īpašības.","10.temats"
"14.05.2026","Apkopojums par tematu
SR: Lieto trapeces/vienādsānu trapeces/taisnleņķa trapeces īpašības un pazīmes aprēķina un pierādījuma uzdevumos. Aprēķina trijstūra un trapeces viduslīniju. Aprēķina trapeces laukumu.",,"Trapeces īpašības.","10.temats"
"15.05.2026","Trapece
SR: Lieto trapeces un vienādsānu trapeces īpašības, trapeces viduslīnijas īpašību, lai aprēķinātu figūru nezināmos lielumus, formulētu apgalvojumus par figūru īpašībām. Lieto trapeces laukuma formulu nezināmo lielumu aprēķināšanai. Aprēķina virsmas laukumu un tilpumu taisnai prizmai, kuras pamatā ir trapece.* Lieto trijstūru līdzību, Pitagora teorēmu, trijstūra viduslīnijas īpašību, lai aprēķinātu trapeces vai vienādsānu trapeces nezināmos lielumus.",,"Trapeces īpašības.","10.temats"
"15.05.2026","Apkopojums par 8. klases vielu
SR: Iepazīstas ar CE un iestājeksāmenu uzbūvi. Veic darbības ar kvadrātsaknēm, daļām, pakāpēm. Risina lineārus un kvadrātvienādojumus. Sadala izteiksmi reizinātājos, lietojot saīsinātās reizināšanas formulas un grupēšanas paņēmienu."," 2020_ gada iestājeksāmens-2-4.pdf
 2023_matematika_9-1-8.pdf
22.05.2026","Nobeigums.","NA"
"19.05.2026","Apkopojums par 8. klases vielu
SR: Iepazīstas ar CE un iestājeksāmenu uzbūvi. Veic darbības ar kvadrātsaknēm, daļām, pakāpēm. Risina lineārus un kvadrātvienādojumus, lineāras nevienādības. Sadala izteiksmi reizinātājos, lietojot saīsinātās reizināšanas formulas un grupēšanas paņēmienu. Nosaka funkciju īpašības",,"Nobeigums.","NA"
"19.05.2026","Apkopojums par 8. klases vielu
SR: Iepazīstas ar CE un iestājeksāmenu uzbūvi. Veic darbības ar kvadrātsaknēm, daļām, pakāpēm. Risina lineārus un kvadrātvienādojumus, lineāras nevienādības. Sadala izteiksmi reizinātājos, lietojot saīsinātās reizināšanas formulas un grupēšanas paņēmienu. Nosaka funkciju īpašības",,"Nobeigums.","NA"
"22.05.2026","Apkopojums par 8. klases vielu
SR: Iepazīstas ar CE un iestājeksāmenu uzbūvi. Veic darbības ar kvadrātsaknēm, daļām, pakāpēm. Risina lineārus un kvadrātvienādojumus, lineāras nevienādības. Sadala izteiksmi reizinātājos, lietojot saīsinātās reizināšanas formulas un grupēšanas paņēmienu. Nosaka funkciju īpašības",,"Nobeigums.","NA"
"22.05.2026","Apkopojums par 8. klases vielu
SR: Iepazīstas ar CE un iestājeksāmenu uzbūvi. Veic darbības ar kvadrātsaknēm, daļām, pakāpēm. Risina lineārus un kvadrātvienādojumus, lineāras nevienādības. Sadala izteiksmi reizinātājos, lietojot saīsinātās reizināšanas formulas un grupēšanas paņēmienu. Nosaka funkciju īpašības",,"Nobeigums.","NA"
"26.05.2026","Apkopojums par 8. klases vielu
SR: Iepazīstas ar CE un iestājeksāmenu uzbūvi. Veic darbības ar kvadrātsaknēm, daļām, pakāpēm. Risina lineārus un kvadrātvienādojumus, lineāras nevienādības. Sadala izteiksmi reizinātājos, lietojot saīsinātās reizināšanas formulas un grupēšanas paņēmienu. Nosaka funkciju īpašības",,"Nobeigums.","NA"
"26.05.2026","Apkopojums par 8. klases vielu
SR: Iepazīstas ar CE un iestājeksāmenu uzbūvi. Veic darbības ar kvadrātsaknēm, daļām, pakāpēm. Risina lineārus un kvadrātvienādojumus, lineāras nevienādības. Sadala izteiksmi reizinātājos, lietojot saīsinātās reizināšanas formulas un grupēšanas paņēmienu. Nosaka funkciju īpašības",,"Nobeigums.","NA"
"28.05.2026","Apkopojums par 8. klases vielu
SR: Iepazīstas ar CE un iestājeksāmenu uzbūvi. Veic darbības ar kvadrātsaknēm, daļām, pakāpēm. Risina lineārus un kvadrātvienādojumus, lineāras nevienādības. Sadala izteiksmi reizinātājos, lietojot saīsinātās reizināšanas formulas un grupēšanas paņēmienu. Nosaka funkciju īpašības",,"Nobeigums.","NA"
"28.05.2026","Apkopojums par 8. klases vielu
SR: Iepazīstas ar CE un iestājeksāmenu uzbūvi. Veic darbības ar kvadrātsaknēm, daļām, pakāpēm. Risina lineārus un kvadrātvienādojumus, lineāras nevienādības. Sadala izteiksmi reizinātājos, lietojot saīsinātās reizināšanas formulas un grupēšanas paņēmienu. Nosaka funkciju īpašības",,"Nobeigums.","NA"
"29.05.2026","Apkopojums par 8. klases vielu
SR: Iepazīstas ar CE un iestājeksāmenu uzbūvi. Veic darbības ar kvadrātsaknēm, daļām, pakāpēm. Risina lineārus un kvadrātvienādojumus, lineāras nevienādības. Sadala izteiksmi reizinātājos, lietojot saīsinātās reizināšanas formulas un grupēšanas paņēmienu. Nosaka funkciju īpašības",,"Nobeigums.","NA"
"29.05.2026","Apkopojums par 8. klases vielu
SR: Iepazīstas ar CE un iestājeksāmenu uzbūvi. Veic darbības ar kvadrātsaknēm, daļām, pakāpēm. Risina lineārus un kvadrātvienādojumus, lineāras nevienādības. Sadala izteiksmi reizinātājos, lietojot saīsinātās reizināšanas formulas un grupēšanas paņēmienu. Nosaka funkciju īpašības",,"Nobeigums.","NA"
